SURVEY_DATE,EURO-SUPER_95,AUTOMOTIVE_GAS_OIL,LPG,HEATING_GAS_OIL,RESIDUAL_FUEL_OIL,HEAVY_FUEL_OIL
03-01-05,1115.75,1018.28,552.5,948.5,553.25,229.52
10-01-05,1088,1004.39,552.57,947.94,554.22,238.37
17-01-05,1088.14,1004.31,551.88,952.42,562.78,245.89
24-01-05,1090.01,1004.31,551.88,963.98,573.42,243.84
31-01-05,1132.11,1022.6,551.88,972.95,579.23,242.53
07-02-05,1135.87,1022.67,551.88,955.66,565.28,250.24
14-02-05,1135.88,1022.46,551.88,963.5,567.19,246.86
21-02-05,1136.04,1022.79,551.88,968.29,567.01,242.84
28-02-05,1136.04,1022.85,551.88,989.42,571.97,258.17
07-03-05,1158.78,1047.59,552.37,1012.05,587.08,266.79
14-03-05,1185.9,1072.72,553.56,1007,587.2,273.09
21-03-05,1185.98,1072.86,553.56,1014.9,589.28,276.86
04-04-05,1187.92,1074.63,553.56,1025.15,603.17,289.78
11-04-05,1236.35,1122.8,553.81,1030.84,608.22,313.53
18-04-05,1236.35,1122.8,553.81,1018.49,602.77,289.2
25-04-05,1234.89,1121.45,553.81,1016.08,605.23,294.82
02-05-05,1234.89,1092.92,553.2,1008.37,600.28,289.41
09-05-05,1215.38,1072.72,553.2,1000.75,592.43,279.99
16-05-05,1201.12,1062.62,553.2,986.34,578.27,284.06
23-05-05,1186.26,1052.68,553.2,990.43,585.79,292.33
30-05-05,1186.26,1052.68,553.2,1001,594.08,287.22
06-06-05,1197.86,1074.55,553.2,1024.37,600.94,290.06
13-06-05,1216.26,1102.35,553.2,1039.01,610.85,292.25
20-06-05,1216.44,1104.03,553.2,1050.01,617.81,311.35
27-06-05,1231.19,1120.85,553.2,1059.54,635.86,328.78
04-07-05,1245.79,1131.05,553.44,1064.42,645.06,316.56
11-07-05,1246.15,1131.97,553.44,1081.69,647.88,329.41
18-07-05,1247.67,1133.37,553.44,1072.66,645.16,325.33
25-07-05,1245.7,1132.13,553.44,1056.69,647.26,319.07
01-08-05,1246.26,1132.13,553.44,1062.67,639.43,321.7
08-08-05,1246.26,1132.82,553.44,1065.31,649.28,321.56
22-08-05,1275.6,1157.26,555.16,1087.73,646.84,326.21
29-08-05,1277.05,1157.9,555.16,1111.53,665.08,329.28
05-09-05,1306.89,1179.13,555.16,1148.23,688.76,359.42
12-09-05,1329.84,1206.9,578.22,1121.71,677,350.45
19-09-05,1296.46,1178.61,579,1124.51,685.98,356.72
26-09-05,1293.42,1177.67,579.54,1134.44,699.53,373.2
03-10-05,1335.22,1217.1,593.24,1149.46,695.83,371.83
10-10-05,1337.86,1218.09,599,1136.83,691.57,352.13
17-10-05,1334.07,1216.71,599,1145.53,702.95,368.85
24-10-05,1295.58,1208.15,599,1125.59,698.92,363.41
31-10-05,1256.81,1169.02,601.29,1123.6,698.32,361.23
07-11-05,1255.08,1167.34,604.47,1104.32,685.58,343.69
14-11-05,1245.95,1138.33,606.56,1091.94,686.04,345.84
21-11-05,1226.62,1118.46,625.92,1090.86,683.43,351.99
28-11-05,1226.19,1118.46,629,1074.63,687.79,337.54
05-12-05,1207.21,1108.09,636.75,1084.77,680.99,328.18
12-12-05,1214.49,1114.85,636.75,1087.86,686.23,352.95
19-12-05,1228.03,1128.36,637.51,1095.41,690.18,351.14
02-01-06,1217.22,1117.79,637.51,1083.07,678.95,346.67
09-01-06,1255.71,1155.76,664,1107.53,691.96,361.94
16-01-06,1259.7,1157.03,669.73,1102.09,691.8,361.72
23-01-06,1260.08,1156.96,671.44,1116.32,699.98,376.44
30-01-06,1260.32,1157.35,675.35,1110.95,702.32,370.48
06-02-06,1258.18,1157.27,675.85,1112.36,707.54,380.1
13-02-06,1257.92,1157.27,675.85,1102.37,708.79,383.96
20-02-06,1228.36,1137.2,675.85,1100.1,706.96,380.09
27-02-06,1226.36,1137.98,675.85,1103.23,712.66,386.8
06-03-06,1256.01,1167.02,681.24,1123.43,718.1,375.52
13-03-06,1256.01,1167.15,681.24,1111.32,707.63,365.2
20-03-06,1261.81,1169.1,681.24,1114.32,714.85,370.67
27-03-06,1261.48,1169.46,681.24,1116.45,707.04,362.82
03-04-06,1286.65,1169.51,673.49,1122.74,716.71,360.01
10-04-06,1289.98,1169.61,655.18,1122.03,710.32,360.77
24-04-06,1338.02,1208.09,651.59,1148.88,716.7,370.58
01-05-06,1342.06,1210.84,651.59,1150.1,706.94,365.64
02-05-06,1342.06,1210.84,651.59,1150.1,706.94,365.64
08-05-06,1345.29,1212.62,651.59,1143.71,717.34,362.56
15-05-06,1344.22,1202.03,651.59,1155.61,706.99,362.43
22-05-06,1337.34,1198.22,651.59,1136.2,712.54,355.75
29-05-06,1335.81,1196.47,651.59,1134.69,713.79,360.22
05-06-06,1336.4,1196.99,651.59,1133.95,710.57,358.26
12-06-06,1336.72,1197.12,651.59,1135.86,707.87,351.39
19-06-06,1336.72,1197.12,651.59,1139.59,714.78,342.4
26-06-06,1336.72,1197.12,651.59,1140.45,714.12,342.44
03-07-06,1354.09,1197.12,651.59,1144.39,710.67,342.57
10-07-06,1367.11,1201.87,651.59,1139.53,712.85,346.37
17-07-06,1385.08,1207.26,651.59,1153.19,720.93,360.61
24-07-06,1387.42,1207.26,651.59,1140.48,718.3,355.55
31-07-06,1387.16,1206.43,651.59,1143.89,720.97,358.29
07-08-06,1388.58,1206.43,651.02,1149.92,728.08,362
14-08-06,1389.48,1206.69,651.02,1151.51,727.95,360.83
21-08-06,1362.07,1207.02,651.02,1147.02,723.21,347.73
28-08-06,1329.95,1206.81,651.02,1153.52,711.84,345.28
04-09-06,1293.31,1188.55,651,1146.54,721.55,336.96
11-09-06,1271.34,1177.6,650.38,1132.94,711.26,324.64
18-09-06,1251.56,1158.4,649.82,1104.26,695.31,310.24
25-09-06,1231.52,1128.68,649.64,1086.5,684.49,293.27
02-10-06,1230.16,1127.14,649,1090.28,671.52,295.72
09-10-06,1220.03,1116.96,609.37,1085.99,666.31,291.81
16-10-06,1219.79,1116.96,609.37,1085.72,670.4,302.45
23-10-06,1219.79,1116.96,609.37,1083.68,668.57,297.68
30-10-06,1219.79,1117.02,609.37,1089.03,666.37,297.49
06-11-06,1220.03,1116.81,609.37,1072.37,659.66,295.17
13-11-06,1219.93,1116.14,609.37,1081.6,660.14,295.53
20-11-06,1218.78,1113.76,609.37,1081.52,658.85,291.95
27-11-06,1218.89,1113.87,609.37,1075.81,652.55,285.5
04-12-06,1219.22,1113.87,609.37,1089.8,660.89,287.4
11-12-06,1219.22,1113.87,609.37,1080.3,654.06,281.48
18-12-06,1219.22,1113.87,609.37,1082.01,650.82,284.68
08-01-07,1218.68,1114.29,609.37,1055.18,641.55,276.74
15-01-07,1207.69,1098.03,609.37,1045.66,641.31,275.78
22-01-07,1198.79,1079.86,609.37,1033.35,625.85,263.36
29-01-07,1198.22,1079.72,609.37,1046.83,644.62,271.59
05-02-07,1198.59,1079.34,609.37,1054.47,645.12,279.43
12-02-07,1200.79,1081.68,609.37,1056.87,651.39,290.97
19-02-07,1201.46,1082.07,609.37,1049.86,644.86,281.07
26-02-07,1221.66,1097.83,609.37,1060.79,653.13,289.13
05-03-07,1231.49,1099.76,609.37,1064.91,653.55,297.1
12-03-07,1241.27,1108.92,609.37,1068.24,656.85,298.1
19-03-07,1240.75,1108.92,609.37,1065.63,649.98,294.33
26-03-07,1240.43,1108.45,609.37,1067.03,651.28,301.7
02-04-07,1256.4,1113.86,609.37,1083.59,661.98,314.15
16-04-07,1276.21,1127.27,631.63,1096.26,675.43,318.48
23-04-07,1279.61,1128.12,641,1087.72,680.62,321.62
30-04-07,1293.63,1128.71,621.38,1088.56,673.23,330.08
07-05-07,1309.43,1129.3,621.38,1091.5,675.77,333.11
14-05-07,1312.83,1129,619.89,1090.84,674.83,327.81
21-05-07,1326.55,1131.89,617.47,1097.65,677.6,333.7
28-05-07,1342.73,1139.33,615.97,1101.48,679.58,344.7
04-06-07,1343.85,1147.78,615.97,1092.7,679.79,337.34
11-06-07,1346.21,1150.77,615.97,1103.84,683.28,343.01
18-06-07,1346.14,1151.9,614.47,1107.45,687.7,347.55
25-06-07,1350.93,1156.35,614.47,1112.49,694.03,350.1
02-07-07,1351.09,1157.81,615.96,1107.82,693.16,361.47
09-07-07,1352.35,1158.59,615.96,1115.79,707.71,367.37
16-07-07,1358.88,1164.4,625.77,1119.22,703.43,364.76
23-07-07,1356.7,1164.32,625.77,1120.97,704.67,372.62
30-07-07,1348.53,1172.5,625.77,1123.78,706.86,374.06
06-08-07,1332.93,1182.24,625.71,1125.48,707.79,370.85
13-08-07,1302.4,1174.41,626.26,1115.54,691.9,362.51
20-08-07,1301.15,1171.43,625.71,1110.73,697.22,367.04
27-08-07,1293.62,1164.43,625.71,1108.26,682.37,350.35
03-09-07,1297.97,1167.74,625.71,1116.38,685.93,355.98
10-09-07,1308.83,1173.52,626.35,1126.24,702.44,362.46
17-09-07,1307.5,1188.59,626.35,1138.25,704.39,366.33
24-09-07,1313.24,1197.45,626.35,1148,707,366.74
01-10-07,1314.09,1203.16,626.35,1143.23,696.14,362.11
08-10-07,1311.48,1203.36,626.35,1132.79,706.31,366.29
15-10-07,1311.83,1203.36,627.88,1143.26,714.7,377.16
22-10-07,1313.46,1207.57,638.97,1159.28,727.6,383.5
29-10-07,1319.09,1213.84,643.96,1169.85,736.9,392.38
05-11-07,1331.65,1229.38,647.49,1196.21,768.05,413.58
12-11-07,1356.42,1259.41,653.4,1219.75,768.38,429.84
19-11-07,1360.44,1264.19,657.12,1217.46,768.18,420.45
26-11-07,1363.88,1289.21,666.09,1233.49,784.27,432.84
03-12-07,1363.44,1291.56,668.4,1223.75,774.39,417.38
10-12-07,1361.99,1290.03,668.89,1206.09,768.68,411.25
17-12-07,1358.66,1281.36,669.92,1217.05,785.79,407.64
31-12-07,1359.16,1280.95,671.09,1217.49,781.07,434.35
07-01-08,1377.18,1295.83,672.3,1223.89,807.21,444.94
14-01-08,1371.94,1287.22,672.3,1223.32,774.78,428.53
21-01-08,1355.99,1260.5,674.6,1203.09,776.64,411.16
28-01-08,1351.75,1254.85,684.45,1201.22,772.17,402.14
04-02-08,1352.92,1258.77,691.29,1201.49,765.96,405.99
11-02-08,1352.35,1258.79,691.29,1205.12,783.49,400.91
18-02-08,1367.02,1278.86,691.89,1238.4,804.31,416.29
25-02-08,1385.05,1309.05,691.89,1250.9,817.96,419.7
03-03-08,1388.46,1313.45,691.89,1260.72,814.53,417.41
10-03-08,1388.75,1325.07,691.89,1286.93,824.23,418.37
17-03-08,1385.52,1349,691.89,1296.59,831.33,420.65
31-03-08,1363.13,1326.94,681.78,1279.41,830.84,407.23
07-04-08,1364.2,1326.47,680.8,1272.43,846.23,425.9
14-04-08,1380.4,1346.01,677.83,1301.23,863.1,435.26
21-04-08,1380.72,1366.36,677.83,1317.47,869.02,438.48
28-04-08,1395.85,1377.11,677.83,1333.83,869.13,440.9
05-05-08,1431.6,1411.36,688.55,1343.91,877.47,443.73
12-05-08,1459.08,1445.65,689.27,1405.8,915.1,466.11
19-05-08,1473.16,1467.06,689.27,1431.52,926.06,481.47
26-05-08,1497.1,1493.51,691.24,1459.79,940.16,485.15
02-06-08,1496.4,1490.21,691.31,1445.81,916.74,493.56
09-06-08,1502.78,1497.85,691.55,1440.87,925.73,497.95
16-06-08,1524.64,1520.34,693.52,1470.68,958.96,521.37
23-06-08,1525.03,1520.65,691.55,1458.01,953.56,521.87
30-06-08,1524.97,1520.52,693.52,1467.02,974.07,534.24
07-07-08,1528.3,1524.07,694.96,1486.88,1005.58,569.44
14-07-08,1532.35,1528.42,696.82,1481.92,1002.86,578.35
21-07-08,1524.12,1518.98,696.82,1461.92,983.97,561.36
28-07-08,1489.64,1484.71,697.06,1425.7,959.13,541.85
04-08-08,1467.45,1462.36,689.18,1404.45,963.87,527.83
11-08-08,1453.2,1427.88,689.18,1371.2,934.73,509.93
18-08-08,1448.54,1418.55,689.18,1360,943.28,514.23
25-08-08,1450.35,1418.25,689.18,1380.93,931.61,525.25
01-09-08,1454.13,1415.97,689.97,1372.97,935.76,526.81
08-09-08,1445.69,1396.53,688.38,1350.9,913.95,495.43
15-09-08,1444.53,1375.74,688.38,1345.24,895.94,480.11
22-09-08,1405.47,1353.28,690.75,1319.89,881.71,441.09
29-09-08,1413.39,1362.77,691.1,1338.95,902.41,473.04
06-10-08,1403.83,1359.63,687.16,1325.31,894.88,462.2
13-10-08,1351.51,1297.76,685.46,1271.16,848.69,428.02
20-10-08,1292.85,1252.68,685.46,1211.41,812.85,377.75
27-10-08,1266.53,1232.3,683.68,1209.27,819.78,391.96
03-11-08,1255.69,1217.37,683.68,1188.43,797.89,363
10-11-08,1222.51,1209.92,680.28,1182.75,788.09,341.68
17-11-08,1199.76,1192.67,657.93,1153.25,766.62,332.71
24-11-08,1154.11,1148.63,653.44,1122.9,755.34,321.81
01-12-08,1146.96,1141.85,640.54,1117.74,756.81,317.27
08-12-08,1127.81,1113.02,626.45,1082.86,737.93,301.78
15-12-08,1114.59,1080.19,616.67,1047.06,727.46,283.67
22-12-08,1102.18,1053.45,608.52,1023.71,709.65,268.09
05-01-09,1082.64,1022.49,607.31,1006.25,701.76,252.01
12-01-09,1112.87,1052.18,605.9,1031.56,718.44,282.8
19-01-09,1132.41,1070.11,591.37,1032.97,715.18,270.79
26-01-09,1136.43,1061,584.8,1019.45,708.97,280.47
02-02-09,1144.18,1062.59,584.1,1026.08,715.13,279.96
09-02-09,1142.07,1065.93,590.76,1018.01,714.79,280.09
16-02-09,1134.66,1061.17,590.76,1011.6,714.37,290.34
23-02-09,1143.29,1033.24,590.76,991.1,737.98,285.6
02-03-09,1156.23,1020.86,590.76,993.69,743.86,290.67
09-03-09,1160.68,1018.14,590.76,979.81,677.16,280.8
16-03-09,1165,1018.83,577.49,971.84,678.05,289.02
23-03-09,1164.48,1026.5,565.77,988.31,710.37,282.01
30-03-09,1186.42,1041.53,558.69,1013.85,765.67,292.67
06-04-09,1175.87,1032.3,557.54,1011.02,725.66,291.61
20-04-09,1196.31,1051.82,546.62,1015.36,730.65,305.5
27-04-09,1197.58,1055.19,545.03,1000.09,724.49,302.95
04-05-09,1183.32,1051.86,545.03,997.45,723.03,299.26
11-05-09,1229.38,1071.09,537.53,1010.34,744.43,325.68
18-05-09,1234.04,1066.09,534.37,1009.53,710.27,332.5
25-05-09,1263.06,1060.03,535.24,1003.4,712.53,332.61
01-06-09,1275.81,1064.7,539.27,1010.11,742.69,334.08
08-06-09,1283.37,1090.13,548.44,1041.53,755.42,359.11
15-06-09,1305.07,1109.55,551.88,1059.44,763.35,367.55
22-06-09,1316.06,1118.09,552.32,1077.23,775.31,368
29-06-09,1291.46,1101.62,552.9,1062.21,768.34,349.8
06-07-09,1279.43,1096.17,542.35,1049.67,763.44,358.69
13-07-09,1259.53,1074.66,544.68,1026.89,750.02,345.5
20-07-09,1251.29,1064.92,545.39,1034.27,760.09,362.83
27-07-09,1279.4,1102.77,546.15,1054.86,772.69,372.7
03-08-09,1280.03,1104,546.15,1064.41,777.31,370.7
10-08-09,1307.44,1127.23,547.56,1076.23,786.58,379.25
17-08-09,1303.9,1123.63,547.14,1073.56,783.95,386.27
24-08-09,1296.28,1118.92,545.73,1074.6,791.35,391.86
31-08-09,1292.07,1116.85,545.73,1068.32,782.89,393.1
07-09-09,1272.05,1094.85,545.73,1049.25,773.1,374.37
14-09-09,1270.04,1092.99,545.73,1049.76,771.34,371.88
21-09-09,1267.19,1091.4,545.11,1051.16,777.24,377.76
28-09-09,1241,1075.68,545.11,1036.54,759.57,362.96
05-10-09,1236.39,1079.16,545.1,1037.97,758.97,369.7
12-10-09,1251.18,1086.55,545.11,1044.08,768.63,368.62
19-10-09,1264.46,1106.49,545.11,1070.53,778.31,375.41
26-10-09,1286.54,1126.57,545.11,1088.65,795.37,397.41
02-11-09,1294.88,1134.57,543.67,1098.66,797.99,406.5
09-11-09,1293.08,1129.46,567.7,1093.7,798.56,400.11
16-11-09,1282.61,1116.63,582.08,1082.97,791.66,397.67
23-11-09,1288.77,1124.63,587.8,1083.77,796.31,400.08
30-11-09,1281.29,1117.5,592.98,1078.11,791.22,395.65
07-12-09,1281.07,1118.06,593.62,1079.27,792.78,395.19
14-12-09,1270.31,1108.88,596.08,1073.08,781.5,386.97
21-12-09,1263.98,1113.34,603.75,1088.21,793.13,391.98
28-12-09,1272.03,1116.97,604.17,1094.83,797.31,402.02
04-01-10,1293.97,1135.46,608.08,1108.27,804.79,406.28
11-01-10,1310.76,1152.97,612.98,1137.6,827.21,428.15
18-01-10,1315.94,1157.52,622.23,1124.46,813.78,411.95
25-01-10,1313.83,1147.15,624.2,1119.99,810.33,409.47
01-02-10,1312.6,1136.04,625.72,1108.19,807.68,410.4
08-02-10,1320.82,1142.94,637.05,1114.04,807.37,408.19
15-02-10,1306.98,1135.23,646.19,1109.37,814.66,409.58
22-02-10,1311.1,1155.08,655.77,1126.13,830.64,416.92
01-03-10,1333.18,1180.87,655.86,1132.89,823.29,404.71
08-03-10,1352.43,1181.81,655.88,1144.92,826.76,418.08
15-03-10,1363.15,1189.53,655.9,1153.36,829.5,419.6
22-03-10,1376.49,1200.84,656.47,1159.05,835.82,426.96
29-03-10,1377.49,1201.89,662.12,1163.68,844.16,438.14
12-04-10,1392.62,1219.94,662.55,1187.9,857.66,450.75
19-04-10,1392.12,1223.21,658.93,1193.62,863.04,456.16
26-04-10,1389.67,1230.4,659.15,1200.89,862.81,455.98
03-05-10,1404.64,1247.62,659.17,1212.56,867.05,461.75
10-05-10,1399.64,1245.73,659.37,1203.96,862.66,460.78
17-05-10,1394.59,1251.03,660.47,1200.74,865.47,460.79
24-05-10,1372.59,1227.12,660.47,1171.11,836.76,435.75
31-05-10,1359.33,1216.1,660.51,1187.3,845.39,440.66
07-06-10,1372.18,1229.93,660.39,1191.74,848.32,446
14-06-10,1376.18,1239.59,663.79,1210.13,858.05,453.95
21-06-10,1391.59,1251.71,660,1215.49,859.41,449.12
28-06-10,1395.7,1247.92,660,1204.33,848.98,446.12
05-07-10,1377.65,1219.59,660,1178.88,840.21,436.37
12-07-10,1372.37,1212.09,660.08,1177.95,841.51,446.42
19-07-10,1365.56,1207.36,655.62,1170.01,845.25,451.21
26-07-10,1355.44,1201.61,655.24,1176.59,850.16,454.6
02-08-10,1362.8,1210.47,654.83,1172.7,846.14,449.73
09-08-10,1366.78,1214.2,654.12,1181.04,846.82,456.16
16-08-10,1365.94,1212.66,654.1,1187.53,869.94,447.65
23-08-10,1359.69,1210.96,654.1,1170.08,841.85,446.41
30-08-10,1350.36,1207.52,653.53,1174.23,833.46,446.56
06-09-10,1349.91,1208.93,655.58,1167.91,830.59,431.84
13-09-10,1359.13,1222.45,655.19,1184.17,840.37,449.01
20-09-10,1364.74,1227.79,655.89,1184.73,832.93,439.31
27-09-10,1347.96,1215.9,654.18,1164.96,825.04,427.27
04-10-10,1344.06,1211.67,654.77,1182.1,830.07,422.86
11-10-10,1354.47,1223.72,664.12,1183.73,813.41,436.84
18-10-10,1358.83,1229.15,661,1187.45,829.95,439.81
25-10-10,1351.57,1223.7,660.89,1177.43,826.44,425.36
01-11-10,1352.9,1227.64,661.5,1178.39,829.95,437.33
08-11-10,1363.98,1233.93,672.5,1183.83,834.21,442.04
15-11-10,1381.46,1255.91,680.98,1207.7,847.76,454.95
22-11-10,1377.11,1248.88,684.21,1196.8,836.13,434.52
29-11-10,1384.92,1260.41,694.02,1204.78,843.89,453.24
06-12-10,1412.07,1285.61,720.58,1238.48,854.26,473.08
13-12-10,1419.32,1295.23,735.99,1251.4,849.14,461.88
20-12-10,1417.72,1292.5,740.54,1251.46,855,472.16
03-01-11,1437.5,1312.12,749.61,1256.04,873.87,469.89
10-01-11,1444.69,1318.27,753.11,1264.07,889.96,478.04
17-01-11,1465.6,1340.35,784.92,1285.63,879.78,490.75
24-01-11,1470.51,1349.45,789.82,1283.47,881.11,473.83
31-01-11,1465.82,1345.89,791.27,1277.92,879.83,476.8
07-02-11,1465.98,1346.85,791.36,1291.64,895.18,496.64
14-02-11,1466.05,1347.68,790.68,1300.97,907.14,503.03
21-02-11,1474.65,1358.03,790.2,1318.87,914.3,516.05
28-02-11,1507.97,1392.09,790.43,1347.85,945.95,556.01
07-03-11,1524.87,1416.67,793.84,1369.57,954.03,556.94
14-03-11,1531.48,1422.61,794.91,1369.21,960.99,575.04
21-03-11,1527.15,1425.26,791.42,1372.89,960.11,573.88
28-03-11,1521.36,1428.57,790.82,1370.83,964.05,580.41
04-04-11,1523.01,1429.17,790.76,1372.28,966.97,580.64
11-04-11,1549.87,1456.62,790.85,1386.4,981.71,603.21
18-04-11,1554.8,1459.77,788.86,1377.96,979.54,598.8
25-04-11,1551.33,1456.2,788.3,1378.01,970.02,576.99
02-05-11,1552.47,1456.81,788.27,1374.37,962.52,567.86
16-05-11,1550.81,1408.96,776.48,1328.48,936.93,545.9
23-05-11,1538.32,1403.06,774.19,1326.37,934.25,550.82
30-05-11,1537.32,1402.98,773.99,1340.09,941.89,562.16
06-06-11,1535.3,1401.79,759.49,1336,941.35,560.7
13-06-11,1530.59,1403.85,749.91,1343.61,950.37,581.71
20-06-11,1529.36,1411.69,749.85,1339.98,952.32,576.04
27-06-11,1506.84,1384.81,743.42,1315.05,934.58,556.48
04-07-11,1555.63,1428.62,740.52,1327.48,942.76,575.31
18-07-11,1589.8,1464.57,731.59,1364.16,962.18,598.65
25-07-11,1590.24,1465.31,730.62,1375.76,964.08,596.71
01-08-11,1597.52,1473.98,728.36,1374.72,962.24,592.63
08-08-11,1592.74,1467.92,728.42,1358.72,946.8,569.44
22-08-11,1568.84,1442.67,726.87,1338.87,932.48,551.19
29-08-11,1567.91,1441.63,725,1349.47,944.95,557.56
05-09-11,1575.39,1449.27,729.86,1361.15,954.7,574.23
12-09-11,1590.44,1464.8,729.94,1371.95,965.29,586.56
19-09-11,1605.45,1482.81,737.45,1381.02,968.38,591.06
26-09-11,1604.02,1485.8,731.88,1376.86,957.73,571.61
03-10-11,1594.12,1482.51,731.79,1369.3,954.14,569.13
10-10-11,1585.94,1479.61,730.86,1370.35,955.73,575.79
17-10-11,1589.06,1481.21,729.85,1378.66,962.53,587.24
24-10-11,1597.1,1491.04,727.9,1386.84,963.82,581.71
31-10-11,1588.92,1489.35,726.73,1390.47,966.35,582.52
07-11-11,1592.13,1501.36,726.19,1395.23,963.63,593.6
14-11-11,1594.72,1516.18,726.29,1418.83,982.1,615.69
21-11-11,1587.57,1525.03,721.88,1421.27,992.44,601.19
28-11-11,1576.98,1529.3,725.39,1425.06,977.37,585.17
05-12-11,1575.3,1525.92,725.07,1397.45,968.29,595.68
12-12-11,1672.73,1658.31,740.26,1408.95,973.26,599.56
19-12-11,1673.5,1653.99,740.39,1405.38,970.53,595.71
26-12-11,1675.76,1653.05,741.02,1404.54,985.25,622.76
02-01-12,1686.26,1653.11,748.4,1407.45,990.9,626.12
09-01-12,1694.02,1664.02,752.73,1443.84,1022.87,655.87
16-01-12,1709.35,1681.51,757.42,1456.83,1031.77,666.18
23-01-12,1712.78,1687,757.89,1439.52,1017.99,646.34
30-01-12,1717.62,1685.18,758.28,1433.12,1015.16,643.68
06-02-12,1726.8,1682.54,777.34,1437.02,1019.06,644.74
13-02-12,1736.54,1691.14,800.75,1458.26,1037.79,672.13
20-02-12,1752.49,1702.09,813.33,1477.01,1045.79,677.84
27-02-12,1765.72,1712.95,813.83,1482.5,1046.15,677.33
05-03-12,1771.22,1716.18,847.89,1471.67,1046.41,691.35
19-03-12,1818.29,1730.55,886.57,1501.41,1061.49,702.98
26-03-12,1829.16,1735.72,892.88,1496.09,1052.25,688.35
02-04-12,1842.69,1738.19,896.06,1486.72,1051.66,693.15
09-04-12,1850.86,1737.08,896.27,1485.55,1057.08,691
16-04-12,1856.26,1735.1,884.96,1484.7,1058.2,695.48
23-04-12,1853.82,1730.82,879.5,1485.4,1045.16,673.28
30-04-12,1851.92,1727.34,874.12,1484.69,1046.41,673.25
07-05-12,1831.02,1722.47,860.54,1466.37,1038.93,671.11
14-05-12,1786.78,1694.62,835.64,1456.67,1021.28,649.19
21-05-12,1777.45,1684.69,821.83,1449.76,1005.93,642.77
28-05-12,1775.12,1679.2,817.69,1447.26,1001.4,640.82
04-06-12,1778.29,1678.22,817.35,1431.35,991.73,620.77
11-06-12,1768.17,1664.54,804.72,1410.25,980.7,604.27
18-06-12,1755.34,1649.06,783.45,1401.32,971.25,599.14
25-06-12,1730.53,1622.76,757.62,1387.21,954.17,572.27
02-07-12,1719.88,1613.52,747.75,1390.06,960.38,586.65
09-07-12,1743.23,1634.69,744.75,1419.64,994.63,614.19
16-07-12,1757.58,1648.74,740.56,1429.7,978.88,625.35
23-07-12,1777.87,1682.95,735.13,1461.39,1004.09,655.89
30-07-12,1779.47,1687.82,733.76,1454.67,996.5,647.85
06-08-12,1785.91,1689.27,754.24,1452.45,987.15,644.85
13-08-12,1812.09,1711.27,777.4,1470.35,1002.8,668.54
20-08-12,1847.42,1740.3,784.1,1487.28,1012.08,684.58
27-08-12,1870.13,1759.24,789.36,1499.63,1029.09,673.31
03-09-12,1870.61,1759.94,790.94,1497.49,1034.39,677.6
10-09-12,1889.81,1777.8,816.99,1497.96,1046.1,681.96
17-09-12,1877.64,1773.15,835.4,1492.88,1038.09,676.93
24-09-12,1845.73,1747.41,837.91,1468.03,1012.72,633.17
01-10-12,1845.18,1746.67,841.82,1470.13,1016.63,636.27
08-10-12,1836.78,1744.68,850.74,1469.85,1004.88,618.27
15-10-12,1845.42,1749.97,855.29,1489.59,1002.25,628.15
22-10-12,1824.77,1747.21,855.92,1477.11,987.21,610.27
29-10-12,1795.39,1731.79,855.98,1460.29,996.86,608.91
05-11-12,1763.35,1715.76,860.67,1450.13,988.48,602.66
12-11-12,1746.58,1704.88,879.47,1436.03,984.25,596.37
19-11-12,1749.7,1707.51,881.51,1445.1,986.01,601.18
26-11-12,1754.61,1712.26,881.69,1447.93,984.57,590.46
03-12-12,1750.21,1707.91,882.22,1449.08,977.86,578.97
10-12-12,1742.58,1699.14,878.1,1429.49,965.69,571.19
17-12-12,1745.42,1697.37,879.87,1429.45,971.02,578.64
14-01-13,1759.22,1700.29,872.91,1449.99,994.68,616.82
21-01-13,1742.23,1683.13,865.01,1433.94,988.54,595.94
28-01-13,1751.4,1691,860.14,1445.88,987.98,609.81
04-02-13,1764.56,1694.41,858,1443.19,983.22,604.45
11-02-13,1778.32,1696.86,855.88,1460.39,1002.78,628.6
18-02-13,1796.01,1705.01,855.93,1469.39,1010.56,636.39
25-02-13,1810.42,1710.96,855.06,1460.51,997.91,611.83
04-03-13,1809.72,1706.02,849.52,1439.2,985.86,599.88
11-03-13,1803.82,1698.54,841.81,1435.64,986.97,600.51
18-03-13,1788.22,1686.98,835.16,1428.81,979.58,590.41
25-03-13,1780.4,1679.05,836.02,1420.35,974.39,587.45
08-04-13,1771.04,1667.3,822.86,1417.6,958.9,579.63
15-04-13,1753.09,1648.77,796.99,1400.13,966.36,566.05
22-04-13,1722.85,1621.6,795.45,1382.64,964.75,548.23
29-04-13,1711.15,1608.09,795.34,1391.93,952,562.34
06-05-13,1713.09,1608.48,781.72,1347.03,912.97,542.46
13-05-13,1709.84,1605.18,765.19,1381.61,954.4,578.45
20-05-13,1717.14,1615.03,765.52,1389.01,968.48,575.31
27-05-13,1732.97,1628.06,764.43,1374.47,954.08,565.37
03-06-13,1736.48,1631.24,755.27,1372.02,947.34,562.43
10-06-13,1735.46,1626.73,752.37,1363,951.72,569.51
17-06-13,1731.16,1622.02,751.21,1365.87,944.42,563.78
24-06-13,1732.15,1625.39,751.39,1356.61,934.93,559.33
01-07-13,1735.03,1625.78,752.63,1389.85,952.03,560.66
08-07-13,1740.69,1631.91,764.28,1400.06,955.93,565.87
15-07-13,1762.13,1652.72,774.78,1402.25,955.62,569.89
22-07-13,1771.41,1661.25,780.67,1413.29,952.3,565.43
29-07-13,1771.29,1660.73,776.69,1399.73,947.27,563.25
05-08-13,1769.81,1659.68,785.67,1409.74,948.51,564.74
12-08-13,1768.79,1658.31,790.18,1393.68,969.85,542.58
19-08-13,1762.01,1652.96,790.79,1411.04,957.43,571.88
26-08-13,1768.98,1659.96,790.88,1405.94,960.25,570.72
02-09-13,1781.63,1669.75,792.23,1432.73,981.34,576.93
09-09-13,1786.03,1680.74,802.69,1433.61,973.67,580.49
16-09-13,1775.87,1681.71,802.05,1432.06,970.55,575.1
23-09-13,1753.85,1677.51,795.03,1409.31,959.16,564.39
30-09-13,1733.59,1662.38,792.17,1394.22,955.62,560.06
07-10-13,1733.54,1663.07,791.36,1405.78,950.87,552.35
14-10-13,1728.67,1660.1,787.91,1425.61,975.8,555.74
21-10-13,1726.66,1658.37,787.03,1408.56,965.7,547.44
28-10-13,1717.23,1650.27,781.59,1396.68,928.72,532.07
04-11-13,1700.72,1633.9,779.01,1406.81,962.55,538.97
11-11-13,1700.4,1633.38,782.03,1381.29,935.4,543.04
18-11-13,1701.74,1635.38,782.26,1409.15,969.52,550.23
25-11-13,1714.12,1646.43,787.21,1416.92,972.03,556.7
02-12-13,1725.91,1656.81,790.77,1426.34,984.4,562.57
09-12-13,1728.42,1657.62,845.72,1430.42,987.08,567.89
16-12-13,1728.15,1655.97,871.42,1415.64,965.55,552.37
06-01-14,1729.28,1656.65,888.33,1407.17,958.94,537.35
13-01-14,1722.64,1649.69,878.49,1394.18,968.09,544.16
20-01-14,1718.35,1641.94,863.54,1397.72,965.73,550.05
27-01-14,1715.37,1639.49,853.56,1409.2,967.62,552.93
03-02-14,1713.75,1639.31,843.6,1414.38,979.42,571.97
10-02-14,1711.1,1636.42,821.25,1410.31,980.48,577.68
17-02-14,1714.66,1637.98,812.37,1414.21,981.42,579.13
24-02-14,1717.87,1636.92,805.42,1419.39,985.91,585.02
03-03-14,1717.87,1635.83,801.37,1412.28,987.84,580.3
10-03-14,1717.1,1635.36,789.49,1402.64,981.68,580.25
17-03-14,1712.82,1627.35,774.91,1395.34,973.29,570.12
24-03-14,1704.55,1615.99,771.92,1399.55,976.37,577.72
31-03-14,1714.44,1622.79,767.41,1393.21,972.07,581.45
07-04-14,1722.85,1627.43,767.91,1384.71,974.42,577.25
14-04-14,1725.6,1628.62,769.04,1387.2,970.1,566.9
28-04-14,1737.54,1633.1,769.5,1398,961.54,557.7
05-05-14,1738.96,1634.01,769.12,1388.96,964.04,558.74
12-05-14,1736.34,1629.97,759.91,1386.26,957.9,556.23
19-05-14,1734.87,1627.29,755.59,1399.59,966.44,575.55
26-05-14,1739.39,1629.38,755,1408.37,990.06,588.4
02-06-14,1739.27,1631.13,758.81,1389.4,972.44,584.24
09-06-14,1740.27,1628.99,763.27,1385.89,982.09,580.27
16-06-14,1741.44,1629.38,768.74,1400.53,988.86,589.63
23-06-14,1753.34,1637.47,768.43,1415.45,986.76,582.27
30-06-14,1759.34,1642.62,770.66,1413.31,984.43,579.73
07-07-14,1762.4,1643.38,769.68,1402.72,979.92,569.18
14-07-14,1763.22,1637.75,771.46,1393.13,973.96,562.18
21-07-14,1758.78,1626.54,771.12,1392.35,962.11,553.59
28-07-14,1757.95,1622.72,768.81,1397.07,962.92,552.89
04-08-14,1755.25,1623.08,769.09,1401.47,963.45,553.03
11-08-14,1751.42,1622.87,768.42,1398.87,960.36,542.57
18-08-14,1748.72,1621.66,767.61,1392.44,958.39,537.06
25-08-14,1741.16,1618.22,767.8,1392.55,958.13,544.33
01-09-14,1739.31,1617.49,767.8,1395.2,963.6,551.87
08-09-14,1736.93,1616.55,759.45,1400.46,968.06,559.64
15-09-14,1734.9,1615.28,756.2,1390.44,960.3,548.7
22-09-14,1730.05,1612,755.93,1385.38,956.88,544.68
29-09-14,1724.17,1607.04,752.82,1384.23,959.63,551.11
06-10-14,1722.64,1606.05,753.62,1367.15,947.63,532.48
13-10-14,1717.65,1598.82,747.97,1360.86,930.79,508.08
20-10-14,1697.97,1582.19,749.16,1336.13,906.22,471.02
27-10-14,1680.98,1570.13,749.15,1338.75,913.48,483.49
03-11-14,1665.92,1562.69,743.2,1342.55,913.38,484.75
10-11-14,1657.31,1556.26,726.82,1338.57,906.89,463.52
17-11-14,1647.85,1551.05,714.5,1329.52,893.3,453.98
24-11-14,1634.72,1541.16,710.53,1322.95,885.28,442.79
01-12-14,1623.75,1531.6,710.61,1300.16,866.86,417.21
08-12-14,1595.6,1505.87,689.58,1287.9,861.41,412.63
15-12-14,1565.86,1472.66,674.09,1242.95,849.75,385.97
05-01-15,1505.75,1425.68,648.42,1212.43,815.5,347.59
12-01-15,1472.82,1387.85,628.95,1168.53,779.72,328.21
19-01-15,1448.29,1359.97,616.12,1146.01,777.97,323.23
26-01-15,1437.04,1347.99,614.89,1162.9,783.46,331
02-02-15,1445.71,1356.19,620.53,1158.68,800.51,338.77
09-02-15,1477.26,1387.76,620.18,1200.98,819.59,381.1
16-02-15,1513.69,1423.98,619.8,1201.51,796.9,389.64
23-02-15,1533.68,1446.55,619.25,1222.56,829.49,384.47
02-03-15,1546.8,1460.27,621.66,1232.12,829.84,397.42
09-03-15,1562.33,1468.37,640.14,1237.37,844.94,405.63
16-03-15,1575.58,1467.49,646.47,1233,809.57,390.46
23-03-15,1578.16,1456.47,655.66,1218.89,825.93,387.9
30-03-15,1578.03,1450.87,661.16,1221.46,832.22,397.87
13-04-15,1574.67,1441.83,658.61,1212.13,797.56,392.76
20-04-15,1584.72,1452.21,646.41,1241.34,838.23,417.84
27-04-15,1601.77,1467.84,646.71,1263.59,847.77,429.59
04-05-15,1610.62,1475.76,644.68,1266.28,840.23,426.05
11-05-15,1616.71,1481.84,642.02,1271.53,836.78,420.93
18-05-15,1616.12,1482.95,639.86,1280.69,836.03,418.59
25-05-15,1614.23,1482.16,639.01,1284.04,836.09,416.84
01-06-15,1616.16,1484.61,638.33,1271.16,829.3,409.79
08-06-15,1619.01,1482.16,627.65,1253.88,812.33,398.77
15-06-15,1623.21,1474.15,613.38,1257.12,818.84,412.2
22-06-15,1631.53,1473.23,609.24,1261.22,837.29,404.37
29-06-15,1627.85,1463.59,604.08,1255.31,840.28,403.63
06-07-15,1625.2,1460.32,602.87,1252.5,842.32,399.55
13-07-15,1628.05,1453.38,602.26,1236.28,829.16,382.66
20-07-15,1629.76,1448,602.49,1223.43,829.92,385.64
27-07-15,1616.44,1432.92,601.36,1211.1,822.65,372.21
03-08-15,1592.6,1417.22,600.72,1191.02,801.11,362.15
10-08-15,1574.19,1402.17,597.11,1179.28,796.61,343.74
17-08-15,1563.33,1395.66,597.69,1183.36,866.39,328.89
24-08-15,1542.91,1381.51,597.23,1151.99,773.33,314.11
31-08-15,1506.09,1351.08,592.97,1129.37,758.56,293.6
07-09-15,1498.16,1357.2,588.41,1168.4,782.7,327.37
14-09-15,1502.48,1369.63,583.2,1164.99,763.75,306.37
21-09-15,1487.74,1359,582.03,1152.2,768.62,302.05
28-09-15,1478.23,1352.25,580.84,1148.97,755.98,296.42
05-10-15,1473.02,1349.16,580.44,1151.85,766.97,302.67
12-10-15,1480.5,1353.62,582.66,1158.96,767.54,322.03
19-10-15,1476.41,1350.05,583.05,1127.62,762.61,306.01
26-10-15,1461.32,1338.99,583.17,1122.5,754,310.46
02-11-15,1455.8,1338.3,582.52,1140.17,756.28,322.88
09-11-15,1462.65,1345.65,584.89,1137.41,756.48,318.59
16-11-15,1460.79,1344.38,584.72,1130.86,747.62,302.76
23-11-15,1450.34,1334.34,584.76,1123.77,737.55,298.21
30-11-15,1457.51,1338.51,585.1,1128.07,740.03,302.58
07-12-15,1460.16,1333.09,592.67,1109.3,713.62,291.01
14-12-15,1451.12,1311.81,602.19,1080.35,728,267.61
21-12-15,1439.19,1278.33,603.65,1042.05,722.41,255.51
04-01-16,1430.07,1256.07,604.3,1046.54,719.95,248.56
11-01-16,1426.66,1247.32,595.49,1044.91,715.82,245.71
18-01-16,1409.38,1221.92,585.21,1015.21,700.85,218.14
25-01-16,1392.09,1196.01,581.85,1000.36,696.16,216.74
01-02-16,1387.46,1186.14,578.01,1021.17,707.25,243.64
08-02-16,1392.39,1197.52,564.03,1025.75,703.12,233.1
15-02-16,1373.5,1192.98,544.99,1006.59,685.36,221.3
22-02-16,1361.81,1192.03,541.83,1024.79,692.73,235.05
29-02-16,1361.22,1199.42,539.97,1019.13,689.85,230.45
07-03-16,1370.64,1207.28,541.63,1037.01,690.2,238.14
14-03-16,1391.51,1229.71,542.28,1058.63,697.38,259.5
21-03-16,1406.7,1243.24,541.91,1062.06,695.55,252.79
04-04-16,1413.36,1243.4,542.93,1045.47,700.8,251.74
11-04-16,1411.23,1225.62,546.47,1031.22,667.12,242.06
18-04-16,1426.2,1233.46,550.41,1061.97,681.9,264.13
25-04-16,1438.74,1247.14,549.68,1087.79,713.9,269.91
02-05-16,1446.96,1265.13,549.33,1090.93,718.37,282.34
16-05-16,1445.54,1268.48,552.47,1098.12,724.99,288.56
23-05-16,1463.42,1289.46,553.2,1124.97,735.41,292.52
30-05-16,1476.71,1309.85,554.22,1131.01,744.1,307.7
06-06-16,1484.45,1320.9,556.99,1129,743.28,309.87
13-06-16,1479.97,1319.29,560.15,1141.71,760.05,330.97
20-06-16,1473.96,1317.76,562.75,1129.46,751.33,320.16
27-06-16,1470.98,1315.12,561.82,1120.06,759.43,327.96
04-07-16,1468.26,1311.97,563.22,1114.69,754.2,336.41
18-07-16,1448.71,1303.79,563.32,1103.64,724.97,317.76
25-07-16,1444.46,1299.47,561.74,1093.03,744.7,318.23
01-08-16,1432.49,1289.4,561.27,1083.41,745.07,297.62
08-08-16,1422.53,1282.14,562.13,1068.76,741.51,300.44
15-08-16,1426.52,1282.5,561.7,1085.94,747.33,308.88
22-08-16,1441.35,1290.71,560.11,1124.72,758.67,332.47
29-08-16,1454.76,1306.83,559.41,1114.03,757.57,336.13
05-09-16,1456.77,1304.83,559.85,1104.95,754.68,322.26
12-09-16,1452,1299.1,562.66,1117.6,766.95,340.26
19-09-16,1451.92,1297.49,563.01,1116.24,763.5,323.08
26-09-16,1451.9,1296.81,561.86,1116.51,764.31,331.87
03-10-16,1456.38,1302.42,562.42,1133.14,770.62,334.84
10-10-16,1471.23,1318.38,566.61,1150.52,784.89,362.2
17-10-16,1482.87,1330.2,566.95,1158.61,785.39,358.29
24-10-16,1487.2,1335.48,567.53,1155.45,788,367.65
31-10-16,1494.82,1340.52,568.16,1155.99,787.17,362.89
07-11-16,1487.1,1339.24,579,1124.67,771.85,330.68
14-11-16,1473.9,1323.48,584.9,1122.35,767.65,334.61
21-11-16,1458.41,1311.12,577.16,1129.19,730.27,347.14
28-11-16,1468.14,1320.87,580.55,1143.77,742.25,364.03
05-12-16,1478.6,1332.67,584.46,1166.57,768.68,383.39
12-12-16,1499.34,1350.05,585.14,1172.57,745.02,380.5
19-12-16,1508.88,1369.06,585.44,1189.01,779.73,402.97
02-01-17,1535.52,1391.9,586.32,1208.16,780.88,417.7
09-01-17,1550.03,1404.9,599.99,1208.87,806.79,431.19
16-01-17,1547.49,1400.12,608.86,1207.67,805.71,419.07
23-01-17,1544.75,1397.33,612.12,1190.6,778.55,407.05
30-01-17,1543.74,1395.46,613.51,1208.23,782.36,412.16
06-02-17,1546,1397.6,623.29,1208.6,799.29,407.83
13-02-17,1549.55,1399.97,634.98,1211.27,796.15,405.52
20-02-17,1555.14,1402.69,640.27,1208.2,794.38,398.24
27-02-17,1555.24,1403,641.8,1217.38,801.64,403.48
06-03-17,1555.19,1403.59,639.27,1208.56,795.94,398.56
13-03-17,1548.9,1402,640.11,1191.35,782.95,385.06
20-03-17,1539.01,1393.57,639.89,1177.22,776.39,375.34
27-03-17,1532.13,1387.31,639.69,1166.37,770.76,366.99
03-04-17,1527.07,1383,637.12,1175.92,772,384.62
10-04-17,1538.09,1392.61,628.7,1184.89,779.5,400.92
24-04-17,1559.28,1410.49,625.52,1178.1,778.24,384.94
01-05-17,1555.83,1405.52,625.6,1146.53,760.76,375.96
08-05-17,1539.66,1391.7,622.53,1144.72,762.72,369.97
15-05-17,1529.24,1378.8,617.78,1152.05,776.47,379.37
22-05-17,1525.19,1376,616.58,1156.48,778.04,381.54
29-05-17,1523.83,1375.87,616.3,1158.46,776.66,382.4
05-06-17,1519.38,1370.7,615.18,1142.91,756.9,371.57
12-06-17,1511.93,1361.25,616.01,1099.88,714.74,363.62
19-06-17,1502.93,1352.91,618.01,1107.36,756.26,351.31
26-06-17,1490.26,1341.64,616.47,1110.56,742.57,346.49
03-07-17,1488.99,1337.33,618.18,1113.94,755.36,352.79
10-07-17,1490.68,1338.42,614.67,1120.15,732.75,347.73
17-07-17,1487.33,1334.72,612.88,1118.3,741.88,347.07
24-07-17,1489.83,1336.86,612.03,1126.63,755.3,355.72
31-07-17,1494.19,1341.45,612.45,1132.31,755.92,358.38
07-08-17,1497.19,1351.86,614.78,1129.67,754.25,353.33
14-08-17,1498.51,1353.75,618.09,1124.7,755.75,354.47
21-08-17,1499.35,1354.98,622.62,1122.24,750.23,348.4
28-08-17,1499.3,1353.9,622.54,1125.36,753.38,352.74
04-09-17,1508.66,1358.52,623.59,1140.83,761.5,356.77
11-09-17,1523.42,1368.86,636.16,1148.95,763.92,359.64
18-09-17,1524.96,1375.48,643.15,1156.86,768.97,366.49
25-09-17,1521.54,1373.24,644,1165.83,771.32,370.57
02-10-17,1525.48,1382.85,645.14,1166.95,744.66,379.71
09-10-17,1525.77,1384.77,650.63,1165.88,766.29,381.53
16-10-17,1524.14,1382.78,653.62,1158,765.65,379.07
23-10-17,1523.78,1388.46,661.79,1157.35,732.95,379.26
30-10-17,1524.24,1390.36,665.08,1174.02,734.42,382.53
06-11-17,1532.9,1401.76,665.23,1182.1,744,400.51
13-11-17,1544.13,1413.62,665.37,1203.44,765.1,418.38
20-11-17,1547.8,1417.31,666.08,1201.85,757.64,401.33
27-11-17,1545.64,1414.88,666.17,1205.17,759.25,400.89
04-12-17,1545.84,1415.73,667.13,1204.31,757.33,399.74
11-12-17,1543.57,1413.31,671.64,1203.33,752.62,388.54
18-12-17,1549.32,1420.35,676.42,1209.06,746.27,396.52
01-01-18,1554.54,1426.58,677.99,1219.91,815.81,407.41
08-01-18,1561.51,1435.68,677.6,1230.87,821.34,421.3
15-01-18,1566.62,1441.24,677.56,1242.54,832.9,421.1
22-01-18,1571.37,1446.52,677.48,1235.87,826.01,413.74
29-01-18,1572.83,1447.78,677.71,1239.6,824.93,412.07
05-02-18,1573.42,1447.59,670.96,1225.59,817.34,407.55
12-02-18,1569.91,1443.29,662.48,1205.68,803.59,390.54
19-02-18,1553.48,1424.46,656.53,1185.89,800.19,384.19
26-02-18,1546.71,1418.68,657.78,1201.08,804.41,393.55
05-03-18,1548.87,1424.66,657.25,1201.7,804.51,382.72
19-03-18,1544.2,1419.38,652.8,1202.52,808.08,385.97
26-03-18,1547.08,1422.82,649.22,1217.37,815.84,390.1
02-04-18,1554.06,1429.97,646.04,1223.26,814.7,390.44
09-04-18,1556.26,1432.51,645.79,1230.94,819.02,400.32
16-04-18,1562.98,1439.3,644.98,1243.95,830.11,409.69
23-04-18,1573.32,1450.22,645.94,1253.47,838.22,416.63
30-04-18,1585.17,1462.9,645.42,1263.83,841.09,423.44
07-05-18,1592.6,1470.26,644.96,1262.93,849.5,428.81
14-05-18,1605.99,1483.45,649.46,1283.44,871.16,453.41
21-05-18,1623.24,1501.52,658.59,1301.42,890.19,475.36
28-05-18,1642.44,1521.22,656.46,1303.17,889.37,472.1
04-06-18,1648.66,1528.71,657.91,1300.64,888.73,471.56
11-06-18,1648.07,1528.15,663.43,1293.48,884.52,470.29
18-06-18,1645.27,1524.76,670.7,1291.49,880.66,463.33
25-06-18,1636.72,1516.28,676.23,1281.77,878.76,458.98
02-07-18,1632.24,1511.55,675.83,1290.6,882.58,468.91
09-07-18,1632.66,1511.89,675.42,1290.95,882.17,470.94
16-07-18,1632.4,1510.94,675.26,1281.23,878.53,466.01
23-07-18,1629.3,1507.11,675.22,1277.75,878.54,465.74
30-07-18,1627.7,1505.34,674.94,1285.86,884.06,471.9
06-08-18,1628.76,1506.2,675.44,1282.71,879.18,463.78
13-08-18,1629.3,1505.87,677.46,1282.79,878.29,460.52
20-08-18,1627.86,1505.12,678.49,1288.74,878.29,457.03
27-08-18,1628.98,1506.86,679.69,1295.4,885.96,466.47
03-09-18,1633.66,1513.18,679.96,1303.25,889.9,471.37
10-09-18,1642.55,1524.47,692.79,1301.57,888.33,463.15
17-09-18,1642.69,1525.41,693.52,1305.73,888.32,466.72
24-09-18,1641.8,1524.91,690.56,1304.88,888.49,470.03
01-10-18,1644.2,1528.4,691.39,1323.29,900.98,488.63
08-10-18,1657.58,1548.39,704.11,1343.47,931.42,524.95
15-10-18,1665.05,1565.52,710.55,1340.12,919.64,501.28
22-10-18,1661.21,1567.14,711.44,1340.09,917.07,499.81
29-10-18,1655.7,1565.31,712.32,1328.78,908.5,506.31
05-11-18,1649.26,1562.23,711.71,1316.37,901.21,493
12-11-18,1636.86,1554.38,705.21,1313.46,895.41,484.17
19-11-18,1619.37,1543.8,702.42,1298.61,884.46,466.78
26-11-18,1595.69,1526.55,700.03,1275.13,869.76,429.68
03-12-18,1565.3,1501.48,696.98,1250.16,862.36,421.2
10-12-18,1533.5,1474.67,673.82,1246.72,859.39,417.04
17-12-18,1520.36,1460.96,665.11,1246.65,850.97,416.82
07-01-19,1486,1428.88,658.7,1264.19,884.44,430.33
14-01-19,1482.55,1426.01,657.66,1269.38,883.33,443.11
21-01-19,1491.59,1436.28,656.96,1282.07,898.38,448.56
28-01-19,1494.5,1440.68,656.12,1288.7,901.38,453.78
04-02-19,1499.38,1445.62,655.23,1279,849,461.56
11-02-19,1508.24,1451.68,657.94,1283.11,866.89,465.56
18-02-19,1517.76,1461.93,658.57,1298.72,870.6,481.33
25-02-19,1534.68,1479.85,657.65,1306.38,870.9,488.88
04-03-19,1542.33,1486.87,657.77,1305.72,872.6,484
11-03-19,1548.72,1493.17,655.47,1310.07,877.7,487.25
18-03-19,1554.03,1496.38,655.33,1310.76,861.2,495.44
25-03-19,1562.82,1497.19,656.03,1307.34,859.5,490.22
01-04-19,1573.56,1497.71,656.4,1308.83,859.3,490.78
08-04-19,1588.6,1499.16,653.92,1316.55,862,496.56
15-04-19,1604.64,1505.5,653.24,1323.76,864.3,496.33
22-04-19,1615.23,1511.49,653.74,1327.79,864.1,495
29-04-19,1625.87,1519.7,656.03,1337.46,874.8,511
06-05-19,1627.81,1519.07,645.01,1335.26,869.9,504.22
13-05-19,1625.82,1518.33,652.32,1330.75,866,495
20-05-19,1624.17,1517.75,651.65,1343.5,874.6,501.89
27-05-19,1631.14,1524.63,652.39,1324.07,858.6,495.22
03-06-19,1621.9,1514.36,651.9,1313.11,854.2,498.22
10-06-19,1605.95,1497.42,640.26,1278.67,824,485.25
17-06-19,1595.79,1486.77,637.45,1275.79,836,466.13
24-06-19,1590.01,1480.69,635.78,1282.37,842.9,478.38
01-07-19,1588.76,1478.85,635.16,1287.25,853.2,497.5
08-07-19,1590.42,1480.9,624.3,1291.86,850.5,496.5
15-07-19,1596.75,1484.47,620.52,1310.11,864.4,513.38
22-07-19,1599.93,1487.01,620.1,1300.68,846.9,485
29-07-19,1592.01,1478.29,618.39,1303.79,852.4,486.44
05-08-19,1592.34,1478.79,613.88,1304.54,853.4,484.67
12-08-19,1579.93,1466.93,606.26,1290.11,838.5,458.56
19-08-19,1571.8,1458.8,609.74,1290.07,837.1,455.56
26-08-19,1568.66,1456.84,607.2,1294.46,835.9,466.11
02-09-19,1566.06,1455,606.08,1289.17,824.5,453.57
09-09-19,1565.19,1454.98,603.43,1305.57,839.1,457.22
16-09-19,1570.5,1463.15,602.07,1313.86,848.1,456.89
23-09-19,1589.68,1483.09,601.83,1324.71,864.4,469.78
30-09-19,1591.92,1485.67,600.39,1318.71,861.5,477.22
07-10-19,1585.51,1479.13,607.62,1306.61,860.2,479.33
14-10-19,1579.07,1472.95,610.9,1306.25,860.4,479.89
21-10-19,1574.44,1469.94,610.78,1308.82,859.8,468.11
28-10-19,1571.89,1467.93,610.1,1314.21,865.1,476.78
04-11-19,1572.41,1469.23,610.4,1310.11,859.7,475.78
11-11-19,1573.73,1470.29,610.34,1313.25,865.3,482
18-11-19,1573.81,1469.99,609.29,1318.07,863.5,479.44
25-11-19,1576.5,1470.24,609.26,1316.75,866.1,485.22
02-12-19,1580.78,1476.32,612.97,1323.11,866.5,485.33
09-12-19,1580.43,1476.08,615.34,1321.86,875.5,499.89
16-12-19,1578.01,1474.37,616.34,1323.46,879,510.44
06-01-20,1590.14,1489.21,631.76,1334.18,897.6,539
13-01-20,1593.76,1493.37,641.89,1333.43,910.9,574.33
20-01-20,1587.11,1488.57,643.87,1319.68,898.5,553.78
27-01-20,1587.13,1482.32,644.01,1303.61,890.4,534.67
03-02-20,1570.49,1468.97,643.65,1293.93,881.5,514
10-02-20,1554.68,1450.67,635.9,1287.14,854.64,488
17-02-20,1547.14,1441.36,633.76,1285.82,850.73,495.88
24-02-20,1545.5,1439.42,630.99,1290.36,854.18,496
02-03-20,1540.15,1432.16,627.91,1247.64,811.73,445.75
09-03-20,1522.31,1414.2,621.1,1244.21,814.36,443.88
16-03-20,1496.59,1389.03,616.6,1168.86,759.27,371.13
23-03-20,1477.47,1368.48,615.6,1140.57,708.45,322.5
30-03-20,1456.54,1347.81,615.94,1157.18,715.82,302.38
06-04-20,1436.81,1328.02,607.32,1119.11,687.45,287
13-04-20,1422.27,1315.6,601.65,1125.61,694.18,304.63
20-04-20,1411.26,1306.43,601.23,1092,679.27,295.13
27-04-20,1391.61,1287.06,598.97,1061.43,616.55,278.75
04-05-20,1374.28,1267.15,597.69,1051.46,635.91,283.13
11-05-20,1362.01,1252.79,595.32,1066.18,643.55,304.75
18-05-20,1356.75,1247.39,593.8,1069.93,671.5,312.63
25-05-20,1366.77,1256.37,593.22,1087.89,698.55,353.44
01-06-20,1371.48,1260.85,592.93,1089.68,698,350
08-06-20,1371.01,1260.4,593.2,1102.43,710.45,366.22
15-06-20,1377.77,1266.49,593.45,1092.79,706.27,367
22-06-20,1385.38,1273.05,593.54,1110.29,714.36,377.78
29-06-20,1399.18,1285.53,594.31,1112.39,711.18,375.67
06-07-20,1400.83,1287.79,593.79,1125.14,716.18,385
13-07-20,1403.8,1290.32,594.2,1125.89,715.91,385.56
20-07-20,1404.6,1290.83,594.31,1127.46,704.55,365.22
27-07-20,1403.56,1289.74,594.39,1127.54,703.09,364.33
03-08-20,1401.66,1288.34,594.37,1118.29,697.45,358.33
10-08-20,1397.66,1284.32,593.96,1120.75,695.73,362.89
17-08-20,1398.23,1284.55,594.28,1119.71,696.82,363.78
24-08-20,1399.68,1285.56,595.86,1115.79,695.09,361.89
31-08-20,1400.08,1285.19,594.59,1110.96,692.73,362.78
07-09-20,1398.48,1281.64,593.45,1099.14,683.82,351
14-09-20,1392.04,1274.28,593.35,1086.14,675.18,344
21-09-20,1388.7,1267.41,592.7,1090.46,682.45,355.89
28-09-20,1389.54,1264.94,592.25,1084.18,677.64,353.56
05-10-20,1388.24,1262.69,591.69,1087.18,680,354.11
12-10-20,1388.63,1261,591.76,1088.75,689.82,368.33
19-10-20,1389.14,1260.48,592.35,1088.93,691.64,369.22
26-10-20,1387.72,1258.51,591.89,1085.36,690.36,367.89
02-11-20,1383.88,1254.77,591.55,1069.79,677.18,354.89
09-11-20,1378.34,1248.72,592.46,1072.5,677.64,364.56
16-11-20,1385.46,1255.3,593.49,1089.29,690.09,380.11
23-11-20,1393.24,1264.11,597.05,1097.21,692.09,379.44
30-11-20,1403.62,1275.25,603.39,1117.96,713.45,392.22
07-12-20,1409.34,1283.79,606.51,1127.64,716.45,393.44
14-12-20,1412.51,1288.31,609.59,1132.86,725,402
21-12-20,1427.58,1304.31,616.67,1141.39,733.64,407.44
28-12-20,1434.07,1311.79,621.53,1139.79,729.09,410.89
04-01-21,1441.5,1319.04,623.73,1144.64,728.18,408.22
11-01-21,1450.07,1324.98,628.9,1152.64,742.55,420.33
18-01-21,1465.98,1339.45,633.16,1166.18,759.91,435
25-01-21,1476.16,1346.45,636.06,1165.61,772.09,439.11
01-02-21,1479.99,1350.56,637.11,1171.82,767.45,433.11
08-02-21,1488.9,1360.65,640.41,1184.5,784.27,460.22
15-02-21,1500.43,1372.94,641.8,1198.64,792.55,480.44
22-02-21,1518.55,1390.91,645.39,1219.75,799.82,494.11
01-03-21,1536.58,1408.45,648.88,1236.32,805.64,508.44
08-03-21,1549.65,1421.19,654.35,1234.68,808.18,524.11
15-03-21,1566.15,1436.07,658.39,1252.5,810.55,523.56
22-03-21,1578.77,1444.98,660.55,1241.18,795.18,506.22
29-03-21,1575.35,1440.3,662.84,1237.68,787.27,496.56
05-04-21,1574.22,1437.14,663.58,1239.71,790.18,503.44
12-04-21,1573.52,1435.18,663.64,1237.11,789,497.56
19-04-21,1574.45,1435.66,662.85,1238.82,811.91,510.56
26-04-21,1577.01,1437.6,663.19,1237.71,802.27,502.11
03-05-21,1578.94,1438.83,664.88,1241.39,806.18,505.78
10-05-21,1587.82,1447.2,664.72,1247.32,812.36,508.33
17-05-21,1593.07,1452.65,664.85,1246.96,806.36,500.89
24-05-21,1592.41,1451.33,661.72,1245.82,794.36,490.67
31-05-21,1590.02,1447.99,661.5,1250.21,795.36,494.67
07-06-21,1599.04,1457.56,662.42,1259.39,802.73,508.11
14-06-21,1605.46,1464.81,664.21,1269.11,805.82,510.89
21-06-21,1614.47,1474.15,666.55,1279.07,818.91,522.22
28-06-21,1624.61,1485.76,666.76,1282.14,826.36,530.22
05-07-21,1634.34,1494.54,670.41,1291.46,833.36,540.44
12-07-21,1649.6,1507.91,674.05,1292.71,839,533.89
19-07-21,1655.26,1512.84,683.64,1298.29,832.18,538.89
26-07-21,1653.59,1510.57,685.82,1293.61,831.27,532.44
02-08-21,1655.53,1510.17,685.97,1297.79,835,539.78
09-08-21,1657.41,1509.98,692.27,1290.89,824.73,526
16-08-21,1656.16,1507.75,695.35,1287.96,825.45,529.89
23-08-21,1652.39,1503.43,697,1277.04,811.91,511.11
30-08-21,1650.23,1499.96,696.38,1290.93,826.09,531.22
06-09-21,1655.19,1504.1,701.09,1297.07,836,546.67
13-09-21,1662.09,1510.06,709.3,1294,835.82,545.44
20-09-21,1670.67,1516.64,710.01,1308.43,847.27,556.22
27-09-21,1676.36,1523.47,712.65,1327.07,871.73,565.89
04-10-21,1686.89,1536.73,717.44,1356.36,887.27,590.78
11-10-21,1713.07,1567.13,783.08,1375.04,893.82,604.22
18-10-21,1733.84,1593.18,817.73,1403.96,911.18,615.89
25-10-21,1745.84,1607.9,825.65,1406.64,920.73,617.22
01-11-21,1749.25,1613.08,830.18,1406.64,918.09,613.78
08-11-21,1750.76,1613.84,832.38,1396.18,913.18,603.22
15-11-21,1749.56,1612.92,833.93,1406.5,917.36,614.44
22-11-21,1746.87,1611.31,835.27,1398.39,914.27,612.11
29-11-21,1742.76,1607.49,835.33,1402.43,923.91,623.44
06-12-21,1732.9,1597.75,829.14,1367.82,896.09,579.44
13-12-21,1725.35,1590.37,822.16,1384.68,898.36,595.89
20-12-21,1722.46,1587.14,819.16,1388.25,897.64,592.22
27-12-21,1719.59,1585.32,819.37,1394.11,897.91,594.78
03-01-22,1723.06,1587.92,818.31,1393.75,906.45,606.89
10-01-22,1733.4,1598.01,819.01,1422.64,917.27,621.89
17-01-22,1754.31,1620.24,817.12,1436.82,926,626.89
24-01-22,1778.64,1647.14,816.72,1466,933.09,658.11
31-01-22,1796.72,1667.29,817.37,1479.88,950.18,665.22
07-02-22,1819.32,1690.59,817.7,1500.08,977.09,675.78
14-02-22,1835.26,1708.19,816.52,1508.84,980.55,678.56
21-02-22,1849.94,1722.36,816.81,1515.16,986.36,684.89
28-02-22,1868.86,1740.47,817.34,1564.64,1020,725.78
07-03-22,1953.14,1829.33,853.55,1715.92,1109.36,827.78
14-03-22,2184.58,2154.63,870.67,1820.8,1168.09,857.67
21-03-22,2137.19,2124.56,876.81,1791.4,1157.36,782.22
28-03-22,1870.44,1857.88,843.54,1841.88,1172.27,835.67
04-04-22,1792.72,1788.17,829.69,1758.71,1156.91,798.44
11-04-22,1765.36,1760.56,837.28,1737.44,1135.27,765.89
18-04-22,1757.24,1750.73,838.93,1785.76,1155.91,787.33
25-04-22,1766.28,1767.42,840.48,1792.83,1160.27,790
02-05-22,1778.28,1791.12,844.79,1839.33,1179.45,804.78
09-05-22,1808.27,1830.6,837.75,1827.79,1169.09,801.11
16-05-22,1823.14,1827.96,834.31,1808.92,1168.18,795.89
23-05-22,1873.11,1819.95,832.08,1785.74,1190,801.89
30-05-22,1885.46,1812.79,830.89,1819.29,1205.27,814.56
06-06-22,1940.54,1851.52,830.25,1899.71,1236.45,838.78
13-06-22,2014.26,1935.27,829.79,1958.48,1260.27,858.56
20-06-22,2063.48,2006.04,829.72,1991.41,1270.91,832.44
27-06-22,2073.98,2033.83,829.63,2011.59,1270.45,806
04-07-22,2065.05,2022.53,828.89,1972.42,1229.36,818
11-07-22,2028.44,1981.63,826.76,1958.61,1262.27,799.44
18-07-22,1988.71,1940.89,825.41,1947,1200.73,771.44
25-07-22,1937.48,1894.46,823.58,1887,1199,791.56
01-08-22,1877.15,1851.65,820.68,1884.09,1210.82,791.67
08-08-22,1830.6,1811.28,808.98,1779.89,1193.2,763.33
15-08-22,1770.22,1756.53,800.4,1750.94,1228.27,776.22
22-08-22,1749.31,1744.4,805.11,1793.86,1212.91,769.33
29-08-22,1761.48,1808.69,798.3,1870.71,1244.64,801.22
05-09-22,1746.58,1838.4,802.29,1862.35,1215.2,759.56
12-09-22,1722.22,1827.79,802.54,1825.04,1195.09,739.67
19-09-22,1691.49,1803.09,800.58,1771.42,1186,734.56
26-09-22,1656.12,1761.73,799.38,1789.38,1189.45,740.22
03-10-22,1632.81,1738.33,796.66,1792.42,1184.64,738.44
10-10-22,1659.78,1788.98,794.86,1894.96,1226.45,764.22
17-10-22,1697.59,1882.67,793.71,1911.04,1233.82,750.89
24-10-22,1691.24,1880.08,787.24,1882.22,1224.91,736.11
31-10-22,1677.74,1865.54,777.79,1866.61,1223,742.11
07-11-22,1687.73,1858.56,779.25,1848.91,1221.27,745.89
14-11-22,1709.93,1852.46,776.94,1800.17,1206.73,732.11
21-11-22,1697.11,1809.92,771.57,1742.17,1163.45,676.22
28-11-22,1659.8,1747.93,768.3,1701.91,1143.45,657.22
05-12-22,1689.44,1764.68,776.46,1697.75,1138.27,670.11
12-12-22,1701.59,1770.08,784.92,1606.63,1097.82,621.67
19-12-22,1662.96,1717.14,770.51,1647.71,1092.91,625.11
26-12-22,1625.22,1689.77,777.6,1635.42,1099.18,638.89
01-01-23,1644.09,1707.84,783.47,1652.71,1104.55,639.89
09-01-23,1812.01,1868.13,809.54,1637.48,1104.91,632.67
16-01-23,1813.58,1863.68,799.71,1651.57,1120.82,636.78
23-01-23,1829.47,1875.1,797.85,1674.7,1129.73,645.22
30-01-23,1871.31,1912.32,796.49,1663.83,1131.27,655.78
06-02-23,1872.37,1897.04,792.57,1601.04,1108.64,642.22
13-02-23,1859.74,1853.17,800.95,1571.29,1114.55,657.67
20-02-23,1860.01,1836.58,803.24,1577.38,1110.73,658.22
27-02-23,1856.45,1821.71,804.54,1567.58,1101.55,648.78
06-03-23,1852.84,1809.06,802.63,1586.5,1111.27,659.56
13-03-23,1859.93,1812.58,800.22,1571.17,1103.82,651.78
20-03-23,1855.34,1801.8,797.97,1530.96,1071.09,607.89
27-03-23,1850.86,1800.67,795.57,1519.52,1074.09,605.78
03-04-23,1858.14,1766.77,793.5,1508.39,1075.91,617
10-04-23,1875.28,1767.22,789.06,1523.36,1100.5,637.11
17-04-23,1885.7,1766.49,783.92,1517.04,1090.27,637.33
24-04-23,1877.95,1745.61,774.09,1480.39,1082.09,629.89
01-05-23,1857.54,1710.83,772.03,1446.26,1070.64,618.11
08-05-23,1834.76,1679.86,768.74,1415.91,1050.64,592.44
15-05-23,1811.6,1654.14,762.22,1428.3,1044.64,597.22
22-05-23,1807.54,1650.33,759.1,1433.91,1051.27,609.22
29-05-23,1818.47,1662.3,756.81,1429.13,1052.45,610.78
05-06-23,1822.23,1661.44,752.01,1424.39,1046.73,602.67
12-06-23,1831.44,1668.44,739.83,1440.61,1058.36,611.89
19-06-23,1840.97,1677.35,734.12,1449.39,1068.27,621.11
26-06-23,1852.43,1690.32,727.54,1449.91,1065.27,618.33
03-07-23,1846.49,1685.02,720.16,1444.7,1067.64,619
10-07-23,1844.85,1683.77,715.81,1454.43,1069,623.22
17-07-23,1859.58,1703.27,712.28,1470.09,1076.73,632.44
24-07-23,1864.04,1709.59,709.56,1480.48,1076.45,627.89
31-07-23,1897.95,1746.1,708.32,1538.77,1087.36,658.44
07-08-23,1929.24,1796.41,708.49,1577.59,1129.18,685.89
14-08-23,1939.06,1827.71,709.92,1604.04,1151.82,699.56
21-08-23,1946.16,1845.34,715.85,1601.5,1140.09,691.78
28-08-23,1947.72,1847.35,709.16,1627.3,1138.36,687.11
04-09-23,1954.47,1855.61,707.34,1625.39,1138.64,689
11-09-23,1969.59,1876.7,711.97,1661.74,1161.27,705.67
18-09-23,1997.29,1924.02,714.83,1707.61,1186.18,719.67
25-09-23,2001.89,1938.24,715.82,1711.78,1189.91,719.78
02-10-23,1991.58,1932.12,716,1708.26,1189.36,720.22
09-10-23,1962.69,1921.63,721.24,1647.91,1161.64,677.67
16-10-23,1918.68,1897.3,723.24,1651.57,1171.45,686.78
23-10-23,1895.48,1883.7,724.01,1662.3,1182.36,706.89
30-10-23,1872.85,1865.34,725.33,1644.7,1171.09,689.56
06-11-23,1854.2,1847.71,727.8,1626.3,1168.45,682.44
